feature,kl_existing_mean,kl_existing_std,kl_existing_min,kl_existing_max,kl_ours_mean,kl_ours_std,kl_ours_min,kl_ours_max,oa_existing_mean,oa_ours_mean
total_used_pitch,0.411075,0.095073,0.295953,0.541472,0.297671,0.079590,0.183885,0.420552,0.319378,0.417179
total_pitch_class_histogram,0.056849,0.033866,0.017045,0.102431,0.054425,0.033111,0.018266,0.095136,0.524184,0.598217
pitch_class_transition_matrix,0.130933,0.060710,0.065090,0.209171,0.130498,0.059924,0.065489,0.207767,0.754425,0.753784
pitch_range,0.225290,0.101586,0.106421,0.356281,0.151376,0.107355,0.027281,0.329202,0.463372,0.546072
avg_pitch_interval,0.121699,0.053024,0.062516,0.202256,0.173894,0.102529,0.039420,0.271843,0.596660,0.554270
total_used_note,0.069374,0.034145,0.035342,0.128838,0.069335,0.034186,0.035139,0.128420,0.756115,0.758710
avg_ioi,0.079574,0.008236,0.063481,0.086602,0.065318,0.040916,0.005157,0.127568,0.220554,0.279099
note_length_hist,0.251118,0.105893,0.135932,0.451870,0.249529,0.094494,0.175786,0.430101,0.438492,0.451338
note_length_transition_matrix,0.057883,0.030754,0.025421,0.111867,0.058008,0.030973,0.025277,0.112442,0.791731,0.791607
