{
  "config": {
    "config": "configs/train_model.yml",
    "save_name": "",
    "log_interval": 200,
    "eval_interval": 4000,
    "work_dir": "/content/drive/MyDrive/bebopnet-training/result-paper-default",
    "no_timestamp": true,
    "n_layer": 4,
    "n_head": 8,
    "d_head": 50,
    "d_embed": 400,
    "d_model": 400,
    "d_inner": 1028,
    "dropout": 0.3,
    "dropatt": 0.3,
    "init": "normal",
    "init_range": 0.1,
    "init_std": 0.02,
    "proj_init_std": 0.01,
    "not_tied": false,
    "pitch_emsize": 64,
    "dur_emsize": 64,
    "offset_emsize": 16,
    "chord_bias": false,
    "optim": "ranger",
    "lr": 0.001,
    "mom": 0.0,
    "scheduler": "cosine",
    "warmup_step": 20000,
    "decay_rate": 0.5,
    "lr_min": 0.0,
    "clip": 0.25,
    "patience": 0,
    "eta_min": 0.0,
    "data_pkl": "/content/prep/pkls",
    "max_step": 500000,
    "batch_size": 32,
    "tgt_len": 64,
    "eval_tgt_len": 64,
    "ext_len": 0,
    "mem_len": 64,
    "seed": 1111,
    "no_cuda": false,
    "pre_lnorm": false,
    "varlen": false,
    "restart": false,
    "restart_dir": "",
    "clamp_len": -1,
    "max_eval_steps": -1,
    "fp16": "True",
    "tied": true,
    "cuda": true,
    "n_all_param": 6570052,
    "n_nonemb_param": 6501712
  },
  "n_all_param": 6570052,
  "n_nonemb_param": 6501712,
  "train_time_sec": 14062.65,
  "completed_step": 500000,
  "max_step": 500000,
  "best_val_loss": 3.8262499178381595,
  "best_val_ppl": 45.8901234181737,
  "final_val_loss": 3.8262499178381595,
  "final_val_ppl": 45.8901234181737,
  "final_val_metrics": {
    "loss": 3.8262499178381595,
    "nll": 3.8262499178381595,
    "p_nll": 2.136151172030799,
    "d_nll": 1.6900987528595757,
    "p_top1": 33.80927682502353,
    "p_top3": 54.033787778572844,
    "p_top5": 69.66767929972596,
    "d_top1": 40.042975689266726,
    "d_top3": 73.38063128097706,
    "p_entropy": 4.866244061260303,
    "d_entropy": 1.6845558900838784,
    "t_entropy": 6.5507999368723
  },
  "note": "val.pkl = split.json[eval]=43 (used only for best-checkpoint selection); canonical test=40 is held out and evaluated separately by evaluate_canonical.py (final_test_* fields are appended to this summary by that script)",
  "final_test_loss": 3.8415954232406704,
  "final_test_ppl": 46.59976150689296,
  "final_test_metrics": {
    "loss": 3.8415954232406704,
    "nll": 3.8415954232406704,
    "p_nll": 2.213619174167817,
    "d_nll": 1.6279762560514899,
    "p_top1": 32.249385426362316,
    "p_top3": 52.39180768351246,
    "p_top5": 67.9574948617694,
    "d_top1": 43.5531242880046,
    "d_top3": 75.76141950780458,
    "p_entropy": 4.866360674290425,
    "d_entropy": 1.6535131574467612,
    "t_entropy": 6.51987382942006
  },
  "final_test_n_files": 39,
  "final_test_note": "evaluated on canonical test=40 (split.json[test]); held out from both gradient training and best-checkpoint selection"
}